<?xml version="1.0" encoding="UTF-8" ?>
<configuration>
    <contextName>fine-enrollment-server-applet</contextName>

    <include resource="org/springframework/boot/logging/logback/defaults.xml"/>

    <springProperty name="APP_NAME" source="spring.application.name"/>
    <springProperty name="BASE_PATH" source="logging.logback.log-base-path"/>
    <property name="LOG_PATH" value="${BASE_PATH}"/>
    <property name="ARCHIVE_PATH" value="${LOG_PATH}/ArchiveLog"/>
    <property name="CONSOLE_LOG_PATTERN" value="%clr(%d{yyyy-MM-dd HH:mm:ss.SSS}){faint} %clr(%5p) %clr([%15.15t]){faint} %clr(%-40.40logger{39}){cyan} %clr(:){faint} %m%n%wEx"/>
    <property name="FILE_LOG_PATTERN" value="%d{yyyy-MM-dd HH:mm:ss.SSS} %5p [%15.15t] %-40.40logger{39} : %m%n%wEx"/>

    <appender name="ConsoleAppender" class="ch.qos.logback.core.ConsoleAppender">
        <encoder>
            <pattern>${CONSOLE_LOG_PATTERN}</pattern>
            <charset>UTF-8</charset>
        </encoder>
    </appender>

    <appender name="FileAppender" class="ch.qos.logback.core.rolling.RollingFileAppender">
        <file>${LOG_PATH}/${APP_NAME}.log</file>
        <encoder>
            <pattern>${FILE_LOG_PATTERN}</pattern>
            <charset>UTF-8</charset>
        </encoder>
        <rollingPolicy class="ch.qos.logback.core.rolling.SizeAndTimeBasedRollingPolicy">
            <!-- rollover monthly -->
            <!-- It is possible to specify multiple %d specifiers but only one of which can be primary, i.e. used to infer the rollover period. -->
            <!-- All other tokens must be marked as auxiliary by passing the 'aux' parameter. (Refer to https://logback.qos.ch/manual/appenders.html) -->
            <fileNamePattern>${ARCHIVE_PATH}/%d{yyyy-MM, aux}/${APP_NAME}-%d{yyyyMMdd}-%i.log.zip</fileNamePattern>
            <!-- each file should be at most 1GB, keep 1830 days worth of history, but at most 500GB -->
            <maxFileSize>1GB</maxFileSize>
            <maxHistory>1830</maxHistory>
            <totalSizeCap>500GB</totalSizeCap>
        </rollingPolicy>
        <filter class="ch.qos.logback.classic.filter.ThresholdFilter">
            <level>INFO</level>
        </filter>
    </appender>

    <!-- Error 级别日志文件 -->
    <appender name="ErrorAppender" class="ch.qos.logback.core.rolling.RollingFileAppender">
        <file>${LOG_PATH}/${APP_NAME}-error.log</file>
        <encoder>
            <Pattern>${FILE_LOG_PATTERN}</Pattern>
            <charset>UTF-8</charset>
        </encoder>
        <rollingPolicy class="ch.qos.logback.core.rolling.TimeBasedRollingPolicy">
            <fileNamePattern>${ARCHIVE_PATH}/%d{yyyy-MM, aux}/${APP_NAME}-error-%d{yyyyMMdd}-%i.log.zip</fileNamePattern>
            <maxHistory>730</maxHistory>
            <TimeBasedFileNamingAndTriggeringPolicy class="ch.qos.logback.core.rolling.SizeAndTimeBasedFNATP">
                <maxFileSize>512MB</maxFileSize>
            </TimeBasedFileNamingAndTriggeringPolicy>
        </rollingPolicy>
        <filter class="ch.qos.logback.classic.filter.ThresholdFilter">
            <level>ERROR</level>
        </filter>
    </appender>

    <!-- ****************************** 不同环境打印不同级别的日志 ****************************** -->
    <!-- 开发环境 -->
    <springProfile name="dev">
        <logger name="org.springframework.boot.autoconfigure.logging" level="INFO" additivity="false">
            <!-- 开发环境控制台关闭 SpringBoot 的自动装配日志报告（日志级别为 DEBUG） -->
            <appender-ref ref="ConsoleAppender"/>
        </logger>

        <root level="INFO">
            <appender-ref ref="ConsoleAppender"/>
            <appender-ref ref="FileAppender"/>
            <appender-ref ref="ErrorAppender"/>
        </root>
    </springProfile>

    <!-- 测试环境 -->
    <springProfile name="test">
        <root level="INFO">
            <appender-ref ref="ConsoleAppender"/>
            <appender-ref ref="FileAppender"/>
            <appender-ref ref="ErrorAppender"/>
        </root>
    </springProfile>

    <!-- 生产环境 -->
    <springProfile name="prod">
        <root level="INFO">
            <appender-ref ref="ConsoleAppender"/>
            <appender-ref ref="FileAppender"/>
            <appender-ref ref="ErrorAppender"/>
        </root>
    </springProfile>
</configuration>
